{"cameraMode":{"drawMode":0,"name":"Shaded","section":"Shading Mode"},"sceneLighting":false,"audioPlay":false,"sceneViewState":{"showFog":true,"showMaterialUpdate":false,"showSkybox":false,"showFlares":true,"showImageEffects":true,"showParticleSystems":true},"in2DMode":false,"pivot":{"x":1.7000000476837159,"y":5.989999771118164,"z":5.739999771118164},"rotation":{"x":-0.2920691668987274,"y":0.2533663809299469,"z":-0.08054916560649872,"w":-0.9187054634094238},"size":2.1794495582580568,"orthographic":false}